550;Gálatas 6:7;por definir;#4a47a3;2019-02-01;NULL;NULL
552;Salmos. 27:5;por definir;#4a47a3;2019-02-03;NULL;NULL
553;Proverbios 21:5;por definir;#4a47a3;2019-02-04;NULL;NULL
554;Efesios 4:23;por definir;#4a47a3;2019-02-05;NULL;NULL
555;Isaías 60:1;por definir;#4a47a3;2019-02-06;NULL;NULL
556;Ezequiel 11:19;por definir;#4a47a3;2019-02-07;NULL;NULL
557;Romanos 10:11;por definir;#4a47a3;2019-02-08;NULL;NULL
558;Mateo 14:29;por definir;#4a47a3;2019-02-09;NULL;NULL
559;Hebreos 11:6;por definir;#4a47a3;2019-02-10;NULL;NULL
560;. Josué 8:1;por definir;#4a47a3;2019-02-11;NULL;NULL
561;2 Corintios 4:13;por definir;#4a47a3;2019-02-12;NULL;NULL
562;Salmos 40:2;por definir;#4a47a3;2019-02-13;NULL;NULL
563;1 Juan 3:18;por definir;#4a47a3;2019-02-14;NULL;NULL
564;Salmos. 81:16;por definir;#4a47a3;2019-02-15;NULL;NULL
565;Salmos 73:28;por definir;#4a47a3;2019-02-16;NULL;NULL
566;Apocalipsis 21:4;por definir;#4a47a3;2019-02-17;NULL;NULL
567;Filipenses 3:13;por definir;#4a47a3;2019-02-18;NULL;NULL
568;Isaías 41:10;por definir;#4a47a3;2019-02-19;NULL;NULL
569;Mateo 24:35;por definir;#4a47a3;2019-02-20;NULL;NULL
570;Hechos 14:9 ;por definir;#4a47a3;2019-02-21;NULL;NULL
571;Salmos 37:23-24;por definir;#4a47a3;2019-02-22;NULL;NULL
572;Salmos 125:1;por definir;#4a47a3;2019-02-23;NULL;NULL
573;Job 22:28;por definir;#4a47a3;2019-02-24;NULL;NULL
574;Proverbios 4:5;por definir;#4a47a3;2019-02-25;NULL;NULL
575;Salmos 119:9;por definir;#4a47a3;2019-02-26;NULL;NULL
576;Filipenses 4:13  ;por definir;#4a47a3;2019-02-27;NULL;NULL
577;Proverbios 4:13;por definir;#4a47a3;2019-02-28;NULL;NULL
578;Salmos 23:4;por definir;#413c69;2019-03-01;NULL;NULL
579;Colosenses 4:2;por definir;#413c69;2019-03-02;NULL;NULL
580;Salmos 125:3;por definir;#413c69;2019-03-03;NULL;NULL
581;1 Timoteo 4:12;por definir;#413c69;2019-03-04;NULL;NULL
582;2 Timoteo 2:6;por definir;#413c69;2019-03-05;NULL;NULL
583;Proverbios. 1:32;por definir;#413c69;2019-03-06;NULL;NULL
584;Filipenses 4:11;por definir;#413c69;2019-03-07;NULL;NULL
585;Proverbios 2:6;por definir;#413c69;2019-03-08;NULL;NULL
586;Romanos 8:28;por definir;#413c69;2019-03-09;NULL;NULL
587;Jeremías 29:11;por definir;#413c69;2019-03-10;NULL;NULL
588;Eclesiastés 9:4;por definir;#413c69;2019-03-11;NULL;NULL
589;Salmos 25:8;por definir;#413c69;2019-03-12;NULL;NULL
590;2 Samuel 22:33;por definir;#413c69;2019-03-13;NULL;NULL
591;Salmos 136:26;por definir;#413c69;2019-03-14;NULL;NULL
592;Salmos 139:1-3;por definir;#413c69;2019-03-15;NULL;NULL
593;Proverbios. 15:15;por definir;#413c69;2019-03-16;NULL;NULL
594;1 Samuel 17:33;por definir;#413c69;2019-03-17;NULL;NULL
595;2 Corintios 4:8-9;por definir;#413c69;2019-03-18;NULL;NULL
596;Hebreos 12:2;por definir;#413c69;2019-03-19;NULL;NULL
597;Salmos 145:15;por definir;#413c69;2019-03-20;NULL;NULL
598;Proverbios 4:18;por definir;#413c69;2019-03-21;NULL;NULL
599;Efesios 6:13;por definir;#413c69;2019-03-22;NULL;NULL
600;Proverbios 15:32;por definir;#413c69;2019-03-23;NULL;NULL
601;Proverbios 8:5;por definir;#413c69;2019-03-24;NULL;NULL
602;Isaías 60:1;por definir;#413c69;2019-03-25;NULL;NULL
603;Salmos 40:1;por definir;#413c69;2019-03-26;NULL;NULL
604;Proverbios. 19:2;por definir;#413c69;2019-03-27;NULL;NULL
605;Isaías 41:10;por definir;#413c69;2019-03-28;NULL;NULL
606;Filipenses 4:13;por definir;#413c69;2019-03-29;NULL;NULL
607;Hebreos 13:6;por definir;#413c69;2019-03-30;NULL;NULL
608;Salmos 131:3;por definir;#413c69;2019-03-31;NULL;NULL
609;Salmos 139:14;por definir;#e40017;2019-04-01;NULL;NULL
610;Salmos 38:21;por definir;#e40017;2019-04-02;NULL;NULL
611;Mateo 8:26;por definir;#e40017;2019-04-03;NULL;NULL
612;Salmos 40:17;por definir;#e40017;2019-04-04;NULL;NULL
613;Salmos 62:11;por definir;#e40017;2019-04-05;NULL;NULL
614;Salmos 91:4;por definir;#e40017;2019-04-06;NULL;NULL
615;Proverbios 28:28;por definir;#e40017;2019-04-07;NULL;NULL
616;Isaías 26:3;por definir;#e40017;2019-04-08;NULL;NULL
617;Salmos 118:24;por definir;#e40017;2019-04-09;NULL;NULL
618;Proverbios 10:30;por definir;#e40017;2019-04-10;NULL;NULL
619;Salmos 55:22;por definir;#e40017;2019-04-11;NULL;NULL
620;Jeremías 17:7-8;por definir;#e40017;2019-04-12;NULL;NULL
621;Proverbios 28:26;por definir;#e40017;2019-04-13;NULL;NULL
622;Proverbios 17:22;por definir;#e40017;2019-04-14;NULL;NULL
623;Romanos 10:17;por definir;#e40017;2019-04-15;NULL;NULL
624;Proverbios 2:21;por definir;#e40017;2019-04-16;NULL;NULL
625;Efesios 5:16;por definir;#e40017;2019-04-17;NULL;NULL
626;Hebreos 11:34;por definir;#e40017;2019-04-18;NULL;NULL
627;Proverbios 3:12;por definir;#e40017;2019-04-19;NULL;NULL
628;Juan 14:27;por definir;#e40017;2019-04-20;NULL;NULL
629;1 Crónicas 16:28;por definir;#e40017;2019-04-21;NULL;NULL
630;Santiago 1:6;por definir;#e40017;2019-04-22;NULL;NULL
631;Salmos 27:1;por definir;#e40017;2019-04-23;NULL;NULL
632;Lucas 11:36;por definir;#e40017;2019-04-24;NULL;NULL
633;Salmos 100:4;por definir;#e40017;2019-04-25;NULL;NULL
634;Juan 16:33;por definir;#e40017;2019-04-26;NULL;NULL
635;Gálatas 6:9;por definir;#e40017;2019-04-27;NULL;NULL
636;Mateo 9:28;por definir;#e40017;2019-04-28;NULL;NULL
637;Proverbios 12:11;por definir;#e40017;2019-04-29;NULL;NULL
638;Marcos 9:23;por definir;#e40017;2019-04-30;NULL;NULL
639;1 Corintios 10:12;por definir;#6ddccf;2019-05-01;NULL;NULL
640;Salmos 73:26;por definir;#6ddccf;2019-05-02;NULL;NULL
641;2 Timoteo 1:7;por definir;#6ddccf;2019-05-03;NULL;NULL
642;Gálatas 6:4;por definir;#6ddccf;2019-05-04;NULL;NULL
643;Salmos 70:5;por definir;#6ddccf;2019-05-05;NULL;NULL
644;Mateo 18:7;por definir;#6ddccf;2019-05-06;NULL;NULL
645;Nahúm 1:7;por definir;#6ddccf;2019-05-07;NULL;NULL
646;Isaías 40:31;por definir;#6ddccf;2019-05-08;NULL;NULL
647;Salmos 69:1;por definir;#6ddccf;2019-05-09;NULL;NULL
648;Salmos 31:24;por definir;#6ddccf;2019-05-10;NULL;NULL
649;Salmos 11:1;por definir;#6ddccf;2019-05-11;NULL;NULL
650;Proverbios 18:10;por definir;#6ddccf;2019-05-12;NULL;NULL
651;Mateo 6:8;por definir;#6ddccf;2019-05-13;NULL;NULL
652;Lucas 6:47;por definir;#6ddccf;2019-05-14;NULL;NULL
653;Salmos 16:8;por definir;#6ddccf;2019-05-15;NULL;NULL
654;Proverbios 18:20;por definir;#6ddccf;2019-05-16;NULL;NULL
655;Salmos 31:3;por definir;#6ddccf;2019-05-17;NULL;NULL
656;Isaías 41:13;por definir;#6ddccf;2019-05-18;NULL;NULL
657;Job 8:7;por definir;#6ddccf;2019-05-19;NULL;NULL
658;Salmos 37:5;por definir;#6ddccf;2019-05-20;NULL;NULL
659;Salmos 31:24;por definir;#6ddccf;2019-05-21;NULL;NULL
660;Salmos 86:7;por definir;#6ddccf;2019-05-22;NULL;NULL
661;Efesios 4:23;por definir;#6ddccf;2019-05-23;NULL;NULL
662;Salmos. 56:4;por definir;#6ddccf;2019-05-24;NULL;NULL
663;Juan 8:12;por definir;#6ddccf;2019-05-25;NULL;NULL
664;Salmos 62:1;por definir;#6ddccf;2019-05-26;NULL;NULL
665;Proverbios 10:12;por definir;#6ddccf;2019-05-27;NULL;NULL
666;Salmos 63:1;por definir;#6ddccf;2019-05-28;NULL;NULL
667;Salmos 28:7;por definir;#6ddccf;2019-05-29;NULL;NULL
668;Proverbios 27:12;por definir;#6ddccf;2019-05-30;NULL;NULL
669;Salmos 119:15;por definir;#6ddccf;2019-05-31;NULL;NULL
670;Santiago 2:17;por definir;#1e212d;2019-06-01;NULL;NULL
671;Proverbios 12:27;por definir;#1e212d;2019-06-02;NULL;NULL
672;Filipenses 4:8;por definir;#1e212d;2019-06-03;NULL;NULL
673;Filipenses 4:8;por definir;#1e212d;2019-06-04;NULL;NULL
674;Salmos 51:5;por definir;#1e212d;2019-06-05;NULL;NULL
675;1 Corintios 10:31;por definir;#1e212d;2019-06-06;NULL;NULL
676;Juan 11:40;por definir;#1e212d;2019-06-07;NULL;NULL
677;Mateo 28:20;por definir;#1e212d;2019-06-08;NULL;NULL
678;Salmo 42:5;por definir;#1e212d;2019-06-09;NULL;NULL
679;Santiago 3:10;por definir;#1e212d;2019-06-10;NULL;NULL
680;2 Corintios 5:7;por definir;#1e212d;2019-06-11;NULL;NULL
681;Filipenses. 4:19 ;por definir;#1e212d;2019-06-12;NULL;NULL
682;Romanos 10:17;por definir;#1e212d;2019-06-13;NULL;NULL
683;Proverbios 10:5;por definir;#1e212d;2019-06-14;NULL;NULL
684;Eclesiastés 9:10;por definir;#1e212d;2019-06-15;NULL;NULL
685;1 Tesalonicense. 5:17;por definir;#1e212d;2019-06-16;NULL;NULL
686;Salmos 119:1;por definir;#1e212d;2019-06-17;NULL;NULL
687;Isaías 55:10-11;por definir;#1e212d;2019-06-18;NULL;NULL
688;Santiago 1:12;por definir;#1e212d;2019-06-19;NULL;NULL
689;1 Crónicas 23:30;por definir;#1e212d;2019-06-20;NULL;NULL
690;Mateo 25:23;por definir;#1e212d;2019-06-21;NULL;NULL
691;Salmos 83:18;por definir;#1e212d;2019-06-22;NULL;NULL
692;Mateo 9:22;por definir;#1e212d;2019-06-23;NULL;NULL
693;Filipenses 4:13;por definir;#1e212d;2019-06-24;NULL;NULL
694;Salmos 94:19;por definir;#1e212d;2019-06-25;NULL;NULL
695;Salmos 116:7;por definir;#1e212d;2019-06-26;NULL;NULL
696;Proverbios 16:28;por definir;#1e212d;2019-06-27;NULL;NULL
697;Salmos 118:24;por definir;#1e212d;2019-06-28;NULL;NULL
698;Mateo 24:35;por definir;#1e212d;2019-06-29;NULL;NULL
699;Salmos 126:5;por definir;#1e212d;2019-06-30;NULL;NULL
